{
    "center_x": 6.051344827586205,
    "center_y": 2.115689655172414,
    "center_z": 14.157655172413792,
    "size_x": 19.11,
    "size_y": 19.055,
    "size_z": 18.507
}