{
    "center_x": 2.31112,
    "center_y": 4.54308,
    "center_z": 5.201160000000001,
    "size_x": 20.0,
    "size_y": 20.0,
    "size_z": 20.0
}