{
    "center_x": -22.439666666666668,
    "center_y": 0.4126666666666667,
    "center_z": -2.5356666666666667,
    "size_x": 23.474,
    "size_y": 20.434,
    "size_z": 15.47
}